{"cameraMode":{"drawMode":0,"name":"Shaded","section":"Shading Mode"},"sceneLighting":false,"audioPlay":false,"sceneViewState":{"showFog":true,"showMaterialUpdate":true,"showSkybox":true,"showFlares":true,"showImageEffects":true,"showParticleSystems":true},"in2DMode":false,"pivot":{"x":398.2809143066406,"y":4.64898681640625,"z":210.84571838378907},"rotation":{"x":-0.043674394488334659,"y":0.9549155831336975,"z":-0.23247942328453065,"w":-0.17939384281635285},"size":401.65411376953127,"orthographic":false}